GROUP,PACKAGE,CLASS,INSTRUCTION_MISSED,INSTRUCTION_COVERED,BRANCH_MISSED,BRANCH_COVERED,LINE_MISSED,LINE_COVERED,COMPLEXITY_MISSED,COMPLEXITY_COVERED,METHOD_MISSED,METHOD_COVERED
Feedback 360 Survey API,com.redhat.appdevpractice.samples.survey.http,SkillResource,24,0,0,0,10,0,7,0,7,0
Feedback 360 Survey API,com.redhat.appdevpractice.samples.survey.http,EmployeeAssignmentResource,31,0,0,0,13,0,9,0,9,0
Feedback 360 Survey API,com.redhat.appdevpractice.samples.survey.http,NewSurveyGroupResource,62,0,0,0,25,0,15,0,15,0
Feedback 360 Survey API,com.redhat.appdevpractice.samples.survey.http,SurveyGroupResource,69,0,0,0,28,0,17,0,17,0
Feedback 360 Survey API,com.redhat.appdevpractice.samples.survey.configuration,SurveyApiConfiguration,29,0,0,0,5,0,3,0,3,0
Feedback 360 Survey API,com.redhat.appdevpractice.samples.survey.controller,SurveyController,94,0,4,0,24,0,8,0,6,0
Feedback 360 Survey API,com.redhat.appdevpractice.samples.survey.service,SurveyServiceImpl,43,0,2,0,12,0,6,0,5,0
Feedback 360 Survey API,com.redhat.appdevpractice.samples.survey,SurveyApiApplication,8,0,0,0,3,0,2,0,2,0
Feedback 360 Survey API,com.redhat.appdevpractice.samples.survey.model,EmployeeAssignment,177,0,30,0,55,0,31,0,16,0
Feedback 360 Survey API,com.redhat.appdevpractice.samples.survey.model,Skill,128,0,22,0,41,0,23,0,12,0
Feedback 360 Survey API,com.redhat.appdevpractice.samples.survey.model,SurveyGroup,105,0,0,0,39,0,20,0,20,0
Feedback 360 Survey API,com.redhat.appdevpractice.samples.survey.http.utils,HttpUtils,254,0,0,0,62,0,13,0,13,0
Feedback 360 Survey API,com.redhat.appdevpractice.samples.survey.exception,ResourceNotFoundException,9,0,0,0,4,0,2,0,2,0
